å†…å®¹,æ­Œæ‰‹
ä¸‹è½½åœ°å€http://pan.baidu.com/s/1o8rpxai å¯†ç : h483,å‘¨æ°ä¼¦
ä¸‹è½½åœ°å€http://pan.baidu.com/s/1qYU0V2O å¯†ç : yvup,å‘¨æ°ä¼¦
ä¸‹è½½åœ°å€http://pan.baidu.com/s/1eRHDQk6 å¯†ç : k8nm,å‘¨æ°ä¼¦
ä¸‹è½½åœ°å€http://pan.baidu.com/s/1dF3IWV3 å¯†ç : vqqi,å‘¨æ°ä¼¦
ä¸‹è½½åœ°å€http://pan.baidu.com/s/1c1DEhd2 å¯†ç : anp2,å‘¨æ°ä¼¦
ä¸‹è½½åœ°å€http://pan.baidu.com/s/1milnPDe å¯†ç : 4que,å‘¨æ°ä¼¦
ä¸‹è½½åœ°å€http://pan.baidu.com/s/1mipr8DU å¯†ç : ssdm,å‘¨æ°ä¼¦
ä¸‹è½½åœ°å€http://pan.baidu.com/s/1qYEROgk å¯†ç : yk5y,å‘¨æ°ä¼¦
ä¸‹è½½åœ°å€http://pan.baidu.com/s/1bpiOqp5 å¯†ç : 8hu1,å‘¨æ°ä¼¦
ä¸‹è½½åœ°å€http://pan.baidu.com/s/1sjI81IH å¯†ç : 5pan,å‘¨æ°ä¼¦
ä¸‹è½½åœ°å€http://pan.baidu.com/s/1bpBo9nL å¯†ç : 4yk3,å‘¨æ°ä¼¦
ä¸‹è½½åœ°å€http://pan.baidu.com/s/1kVJLNeR å¯†ç : 5sns,å‘¨æ°ä¼¦
ä¸‹è½½åœ°å€http://pan.baidu.com/s/1kUOVoLh å¯†ç : tqye,å‘¨æ°ä¼¦
ä¸‹è½½åœ°å€é“¾æ¥ï¼šhttp://pan.baidu.com/s/1nv711bF å¯†ç ï¼š7e4b,å‘¨æ°ä¼¦
ä¸‹è½½åœ°å€http://pan.baidu.com/s/1nv2MEHb å¯†ç : 8c2d,å‘¨æ°ä¼¦
ä¸‹è½½åœ°å€http://pan.baidu.com/s/1eSOFGjw å¯†ç : hr5w,å‘¨æ°ä¼¦
ä¸‹è½½åœ°å€http://pan.baidu.com/s/1c08WUoo å¯†ç ï¼š7ozj ,å‘¨æ°ä¼¦
ä¸‹è½½åœ°å€http://pan.baidu.com/s/1gder6Ob å¯†ç : 2mxj,å‘¨æ°ä¼¦
ä¸‹è½½åœ°å€http://pan.baidu.com/s/1bp21gGR å¯†ç : cbgg,å‘¨æ°ä¼¦
ä¸‹è½½åœ°å€http://pan.baidu.com/s/1slF5Jm1 å¯†ç : x6qr,å‘¨æ°ä¼¦
ä¸‹è½½åœ°å€http://pan.baidu.com/s/1i3lEvkT å¯†ç : a4h8,å‘¨æ°ä¼¦
ä¸‹è½½åœ°å€http://pan.baidu.com/s/1bptDFor å¯†ç : wkqm,å‘¨æ°ä¼¦
ä¸‹è½½åœ°å€http://pan.baidu.com/s/1i5E0kHv å¯†ç : eaii,å‘¨æ°ä¼¦
ä¸‹è½½åœ°å€http://pan.baidu.com/s/1o7ABY8y å¯†ç : w8wd,å‘¨æ°ä¼¦
ä¸‹è½½åœ°å€http://pan.baidu.com/s/1c10MThA å¯†ç : d5bm,å‘¨æ°ä¼¦
ä¸‹è½½åœ°å€http://pan.baidu.com/s/1hq5tGnq å¯†ç : suts,å‘¨æ°ä¼¦
ä¸‹è½½åœ°å€http://pan.baidu.com/s/1c03zJGW å¯†ç : m43t,å‘¨æ°ä¼¦
ä¸‹è½½åœ°å€http://pan.baidu.com/s/1nvHFMx7 å¯†ç : 7gwh,å‘¨æ°ä¼¦
ä¸‹è½½åœ°å€http://pan.baidu.com/s/1pLEnSZT å¯†ç : 8145,å‘¨æ°ä¼¦
ä¸‹è½½åœ°å€é“¾æ¥ï¼šhttp://pan.baidu.com/s/1pLuBLrH å¯†ç ï¼šon1f,å‘¨æ°ä¼¦
ä¸‹è½½åœ°å€http://pan.baidu.com/s/1jGsxZQA å¯†ç : equg,å‘¨æ°ä¼¦
ä¸‹è½½åœ°å€http://pan.baidu.com/s/1c1CYnTY å¯†ç : 3wtf,å‘¨æ°ä¼¦
ä¸‹è½½åœ°å€http://pan.baidu.com/s/1kVS9oIb å¯†ç : xjtt,å‘¨æ°ä¼¦
ä¸‹è½½åœ°å€http://pan.baidu.com/s/1kVjoasn å¯†ç : rgf7,å‘¨æ°ä¼¦
ä¸‹è½½åœ°å€http://pan.baidu.com/s/1skQeSOl å¯†ç : 2yrr,å‘¨æ°ä¼¦
ä¸‹è½½åœ°å€http://pan.baidu.com/s/1i5Deocd å¯†ç : yww2,å‘¨æ°ä¼¦
ä¸‹è½½åœ°å€http://pan.baidu.com/s/1mi0MRsG å¯†ç : rpih,å‘¨æ°ä¼¦
ä¸‹è½½åœ°å€http://pan.baidu.com/s/1c2j2nqo å¯†ç : h5ek,å‘¨æ°ä¼¦
ä¸‹è½½åœ°å€http://pan.baidu.com/s/1slCiaU5 å¯†ç : i6v8,å‘¨æ°ä¼¦
ä¸‹è½½åœ°å€http://pan.baidu.com/s/1o88kuYA å¯†ç : 8dp5,å‘¨æ°ä¼¦
ä¸‹è½½åœ°å€http://pan.baidu.com/s/1o8rpwVK å¯†ç : r85z,å‘¨æ°ä¼¦
ä¸‹è½½åœ°å€http://pan.baidu.com/s/1eSC4zr8 å¯†ç : n4jq,å‘¨æ°ä¼¦
ä¸‹è½½åœ°å€http://pan.baidu.com/s/1kUOpsd5 å¯†ç : jbwk,å‘¨æ°ä¼¦
ä¸‹è½½åœ°å€http://pan.baidu.com/s/1qYu9iTu å¯†ç : h6hi,å‘¨æ°ä¼¦
ä¸‹è½½åœ°å€http://pan.baidu.com/s/1gfC2y3L å¯†ç : 2b6r,å‘¨æ°ä¼¦
ä¸‹è½½åœ°å€http://pan.baidu.com/s/1kVQ7uCJ å¯†ç : p3dm,å‘¨æ°ä¼¦
ä¸‹è½½åœ°å€http://pan.baidu.com/s/1mhUYO8C å¯†ç : 4fjz,å‘¨æ°ä¼¦
ä¸‹è½½åœ°å€http://pan.baidu.com/s/1boVridL å¯†ç : b5ve,å‘¨æ°ä¼¦
ä¸‹è½½åœ°å€http://pan.baidu.com/s/1eSHUeeI å¯†ç : g2yk,å‘¨æ°ä¼¦
ä¸‹è½½åœ°å€http://pan.baidu.com/s/1pK9TXEF å¯†ç : qyqe,å‘¨æ°ä¼¦
ä¸‹è½½åœ°å€http://pan.baidu.com/s/1jIK3IAy å¯†ç : fu4w,å‘¨æ°ä¼¦
ä¸‹è½½åœ°å€é“¾æ¥ï¼šhttps://pan.baidu.com/s/1RmU2TxsnPfUgw6uFJa15cA æå–ç ï¼šg0n6 ,å‘¨æ°ä¼¦
ä¸‹è½½åœ°å€http://pan.baidu.com/s/1hrXONlU å¯†ç : gwn8,å‘¨æ°ä¼¦
ä¸‹è½½åœ°å€http://pan.baidu.com/s/1eR6i7M6 å¯†ç : mhn9,å‘¨æ°ä¼¦
ä¸‹è½½åœ°å€http://pan.baidu.com/s/1csZKgI å¯†ç : n57q,å‘¨æ°ä¼¦
ä¸‹è½½åœ°å€http://pan.baidu.com/s/1ciQt8i å¯†ç : i5wb,å‘¨æ°ä¼¦
ä¸‹è½½åœ°å€é“¾æ¥ï¼šhttps://pan.baidu.com/s/1GYJkPRGPsPK0eZfflCZiWQ æå–ç ï¼šmy6o,å‘¨æ°ä¼¦
ä¸‹è½½åœ°å€http://pan.baidu.com/s/1pKBVRNt å¯†ç : grdh,å‘¨æ°ä¼¦
ä¸‹è½½åœ°å€http://pan.baidu.com/s/1hrAilTi å¯†ç : qsqc,ä¸‹è½½åœ°
€http://pan.baidu.com/s/1pLq7tEF å¯†ç : cwhw,å‘¨æ°ä¼¦
ä¸‹è½½åœ°å€é“¾æ¥ï¼šhttps://pan.baidu.com/s/1Ws4qGOBlkeVVjpYjzgM3NA æå–ç ï¼šk098,å‘¨æ°ä¼¦
ä¸‹è½½åœ°å€http://pan.baidu.com/s/1qYQxg8c å¯†ç : rfes,å‘¨æ°ä¼¦
ä¸‹è½½åœ°å€http://pan.baidu.com/s/1kU9wjt1 å¯†ç : 6a2t,å‘¨æ°ä¼¦
ä¸‹è½½åœ°å€http://pan.baidu.com/s/1mhDxPnM å¯†ç : frpw,å‘¨æ°ä¼¦
ä¸‹è½½åœ°å€http://pan.baidu.com/s/1slCiaYT å¯†ç : e4ag,å‘¨æ°ä¼¦
ä¸‹è½½åœ°å€http://pan.baidu.com/s/1bpf07BD å¯†ç : mwjx,å‘¨æ°ä¼¦
ä¸‹è½½åœ°å€http://pan.baidu.com/s/1miBCqIc å¯†ç : 5jpj,å‘¨æ°ä¼¦
ä¸‹è½½åœ°å€http://pan.baidu.com/s/1i46IuFF å¯†ç : hmyw,å‘¨æ°ä¼¦
ä¸‹è½½åœ°å€http://pan.baidu.com/s/1qY8Mmug å¯†ç : n543,å‘¨æ°ä¼¦
ä¸‹è½½åœ°å€http://pan.baidu.com/s/1nuXE9g1 å¯†ç : 8iu7,å‘¨æ°ä¼¦
ä¸‹è½½åœ°å€http://pan.baidu.com/s/1o7Ojh4u å¯†ç : rt5t,å‘¨æ°ä¼¦
ä¸‹è½½åœ°å€é“¾æ¥ï¼šhttps://pan.baidu.com/s/16zkuKo7h743aeQMCWFORtQ æå–ç ï¼š5ig7 ,å‘¨æ°ä¼¦
ä¸‹è½½åœ°å€http://pan.baidu.com/s/1boVXfGV å¯†ç : zvwa,å‘¨æ°ä¼¦
ä¸‹è½½åœ°å€http://pan.baidu.com/s/1nvsDxCt å¯†ç : vmvf,å‘¨æ°ä¼¦
ä¸‹è½½åœ°å€http://pan.baidu.com/s/1pLPJl2N å¯†ç : ski8,å‘¨æ°ä¼¦
ä¸‹è½½åœ°å€http://pan.baidu.com/s/1c2uX7n6 å¯†ç : hdxk,å‘¨æ°ä¼¦
ä¸‹è½½åœ°å€http://pan.baidu.com/s/1hshsoXQ å¯†ç : vctg,å‘¨æ°ä¼¦
ä¸‹è½½åœ°å€http://pan.baidu.com/s/1dF5pKHV å¯†ç : uem8,å‘¨æ°ä¼¦
ä¸‹è½½åœ°å€http://pan.baidu.com/s/1eS0tjz0 å¯†ç : 2aa2,å‘¨æ°ä¼¦
ä¸‹è½½åœ°å€http://pan.baidu.com/s/1kVLNFgj å¯†ç : b5vd,å‘¨æ°ä¼¦
ä¸‹è½½åœ°å€http://pan.baidu.com/s/1o7UoOOi å¯†ç : 4jcw,å‘¨æ°ä¼¦
ä¸‹è½½åœ°å€http://pan.baidu.com/s/1bLPLaI å¯†ç : 5f3j,å‘¨æ°ä¼¦
ä¸‹è½½åœ°å€http://pan.baidu.com/s/1c2qnOys å¯†ç : 5w7n,å‘¨æ°ä¼¦
ä¸‹è½½åœ°å€http://pan.baidu.com/s/1kVNP6oJ å¯†ç : h84b,å‘¨æ°ä¼¦
ä¸‹è½½åœ°å€http://pan.baidu.com/s/1o7SmV9K å¯†ç : 35ih,å‘¨æ°ä¼¦
ä¸‹è½½åœ°å€http://pan.baidu.com/s/1cnC1Am å¯†ç : f8ir,å‘¨æ°ä¼¦
ä¸‹è½½åœ°å€http://pan.baidu.com/s/1eSC4ztC å¯†ç : snkk,å‘¨æ°ä¼¦
ä¸‹è½½åœ°å€http://pan.baidu.com/s/1skLvmup å¯†ç : vsp3,å‘¨æ°ä¼¦
ä¸‹è½½åœ°å€http://pan.baidu.com/s/1bp1fmMz å¯†ç : r4wg,å‘¨æ°ä¼¦
ä¸‹è½½åœ°å€http://pan.baidu.com/s/1dEGtXxZ å¯†ç : 3xd4,å‘¨æ°ä¼¦
ä¸‹è½½åœ°å€http://pan.baidu.com/s/1pLizRFt å¯†ç : 4cz3,å‘¨æ°ä¼¦
ä¸‹è½½åœ°å€http://pan.baidu.com/s/1jHMVxRK å¯†ç : 3y3t,å‘¨æ°ä¼¦
ä¸‹è½½åœ°å€http://pan.baidu.com/s/1pLwCXK3 å¯†ç : xqiv ,å‘¨æ°ä¼¦
ä¸‹è½½åœ°å€http://pan.baidu.com/s/1mi12Pc8 å¯†ç : 9jgw,å‘¨æ°ä¼¦
ä¸‹è½½åœ°å€http://pan.baidu.com/s/1slUyRvv å¯†ç : 3avv,å‘¨æ°ä¼¦
ä¸‹è½½åœ°å€http://pan.baidu.com/s/1i5hY2C9 å¯†ç : pr7h,å‘¨æ°ä¼¦
ä¸‹è½½åœ°å€http://pan.baidu.com/s/1eR30FOA å¯†ç : hgm5,å‘¨æ°ä¼¦
ä¸‹è½½åœ°å€http://pan.baidu.com/s/1i59a5fB å¯†ç : nsf8,å‘¨æ°ä¼¦
ä¸‹è½½åœ°å€http://pan.baidu.com/s/1mhUsKUs å¯†ç : rc8u,å‘¨æ°ä¼¦
ä¸‹è½½åœ°å€http://pan.baidu.com/s/1c1hmMi å¯†ç : fev2,å‘¨æ°ä¼¦
ä¸‹è½½åœ°å€http://pan.baidu.com/s/1eSxBsxc å¯†ç : 64rn,å‘¨æ°ä¼¦
ä¸‹è½½åœ°å€http://pan.baidu.com/s/1nv2MGBn å¯†ç : hw8w,å‘¨æ°ä¼¦
ä¸‹è½½åœ°å€http://pan.baidu.com/s/1jImDPno å¯†ç : k8wv,å‘¨æ°ä¼¦
ä¸‹è½½åœ°å€http://pan.baidu.com/s/1nvllL5B å¯†ç : 6twf,å‘¨æ°ä¼¦
ä¸‹è½½åœ°å€http://pan.baidu.com/s/1jHH5FCy å¯†ç : fgvm,å‘¨æ°ä¼¦
ä¸‹è½½åœ°å€http://pan.baidu.com/s/1i4Mr0UT å¯†ç : yxms,å‘¨æ°ä¼¦
ä¸‹è½½åœ°å€http://pan.baidu.com/s/1jIe8Cx4 å¯†ç : 4htm,å‘¨æ°ä¼¦
ä¸‹è½½åœ°å€http://pan.baidu.com/s/1c1GyvIg å¯†ç : m73f,å‘¨æ°ä¼¦
ä¸‹è½½åœ°å€http://pan.baidu.com/s/1qYzYI0O å¯†ç : yud6,å‘¨æ°ä¼¦
ä¸‹è½½åœ°å€http://pan.baidu.com/s/1sl2E8Mh å¯†ç : f7bx,å‘¨æ°ä¼¦
ä¸‹è½½åœ°å€http://pan.baidu.com/s/1eSzDizo å¯†ç : hwgu,å‘¨æ°ä¼¦
ä¸‹è½½åœ°å€http://pan.baidu.com/s/1nuADZ89 å¯†ç : 49gf,å‘¨æ°ä¼¦
ä¸‹è½½åœ°å€http://pan.baidu.com/s/1pLizT7l å¯†ç : 9nxe,å‘¨æ°ä¼¦
ä¸‹è½½åœ°å€http://pan.baidu.com/s/1qYlLDSS å¯†ç : sc5m,å‘¨æ°ä¼¦
ä¸‹è½½åœ°å€http://pan.baidu.com/s/1eRNd6NK å¯†ç : mj35,å‘¨æ°ä¼¦
ä¸‹è½½åœ°å€http://pan.baidu.com/s/1pLvrhFX å¯†ç : 88zt,å‘¨æ°ä¼¦
ä¸‹è½½åœ°å€http://pan.baidu.com/s/1miKzGl6 å¯†ç : i48g,å‘¨æ°ä¼¦
ä¸‹è½½åœ°å€http://pan.baidu.com/s/1jI6qBFC å¯†ç : qetc,å‘¨æ°ä¼¦
ä¸‹è½½åœ°å€http://pan.baidu.com/s/1slbAjHr å¯†ç : 6fpd,å‘¨æ°ä¼¦
ä¸‹è½½åœ°å€http://pan.baidu.com/s/1gfsj9IV å¯†ç : 6ch1,å‘¨æ°ä¼¦
ä¸‹è½½åœ°å€http://pan.baidu.com/s/1nvAopcP å¯†ç : 9gqm,å‘¨æ°ä¼¦
ä¸‹è½½åœ°å€http://pan.baidu.com/s/1i5gAjcD å¯†ç : f6kr,å‘¨æ°ä¼¦
ä¸‹è½½åœ°å€http://pan.baidu.com/s/1jI2SNR4 å¯†ç : 3yjv,å‘¨æ°ä¼¦
ä¸‹è½½åœ°å€http://pan.baidu.com/s/1pLNHweR å¯†ç : 4cmi,å‘¨æ°ä¼¦
ä¸‹è½½åœ°å€http://pan.baidu.com/s/1dFkgizv å¯†ç : bvkd,å‘¨æ°ä¼¦
ä¸‹è½½åœ°å€http://pan.baidu.com/s/1i5PV3CT å¯†ç : nizx,å‘¨æ°ä¼¦
ä¸‹è½½åœ°å€http://pan.baidu.com/s/1c2IEfqK å¯†ç : 9q33,å‘¨æ°ä¼¦
ä¸‹è½½åœ°å€http://pan.baidu.com/s/1o7CDRei å¯†ç : qs5x,å‘¨æ°ä¼¦
ä¸‹è½½åœ°å€http://pan.baidu.com/s/1i53AJMP å¯†ç : tx9x,å‘¨æ°ä¼¦
ä¸‹è½½åœ°å€http://pan.baidu.com/s/1mhBwaVm å¯†ç : cw5k,å‘¨æ°ä¼¦
ä¸‹è½½åœ°å€http://pan.baidu.com/s/1c2igxd2 å¯†ç : iaxx,å‘¨æ°ä¼¦
ä¸‹è½½åœ°å€http://pan.baidu.com/s/1mi12Pdu å¯†ç : 14wv,å‘¨æ°ä¼¦
ä¸‹è½½åœ°å€http://pan.baidu.com/s/1byPhN4 å¯†ç : egvf,å‘¨æ°ä¼¦
ä¸‹è½½åœ°å€http://pan.baidu.com/s/1sl8KgFF å¯†ç : 5mz7,å‘¨æ°ä¼¦
ä¸‹è½½åœ°å€http://pan.baidu.com/s/1gfmJThp å¯†ç : bvd5,å‘¨æ°ä¼¦
ä¸‹è½½åœ°å€http://pan.baidu.com/s/1qXA7SKW å¯†ç : 9cvr,å‘¨æ°ä¼¦
ä¸‹è½½åœ°å€http://pan.baidu.com/s/1nuSUTuT å¯†ç : frh5,å‘¨æ°ä¼¦
ä¸‹è½½åœ°å€http://pan.baidu.com/s/1cGaxg6 å¯†ç : yvx3,å‘¨æ°ä¼¦
ä¸‹è½½åœ°å€http://pan.baidu.com/s/1qYvpc7a å¯†ç : v58p,å‘¨æ°ä¼¦
ä¸‹è½½åœ°å€http://pan.baidu.com/s/1geKZAHt å¯†ç : hhq1,å‘¨æ°ä¼¦
ä¸‹è½½åœ°å€http://pan.baidu.com/s/1hsNVAVq å¯†ç : fzv2,å‘¨æ°ä¼¦
ä¸‹è½½åœ°å€http://pan.baidu.com/s/1kVJLLd1 å¯†ç : diuk,å‘¨æ°ä¼¦
ä¸‹è½½åœ°å€http://pan.baidu.com/s/1geCmjVd å¯†ç : c5tx,å‘¨æ°ä¼¦
ä¸‹è½½åœ°å€http://pan.baidu.com/s/1mik7QxM å¯†ç : 2s4b,å‘¨æ°ä¼¦
